poll_id,party_id,support
0,0,15.0
0,1,8.0
0,2,21.0
0,3,19.0
0,4,35.0
1,0,13.0
1,1,9.0
1,2,27.0
1,3,13.0
1,4,38.0
2,0,14.0
2,1,11.0
2,2,20.0
2,3,18.0
2,4,37.0
3,0,16.0
3,1,9.0
3,2,20.0
3,3,13.0
3,4,41.0
4,5,5.0
5,0,14.0
5,1,9.0
5,2,18.0
5,3,11.0
5,4,38.0
5,5,8.0
6,0,12.0
6,1,5.0
6,2,18.0
6,3,6.0
6,4,40.0
6,5,18.0
7,0,10.0
7,1,5.0
7,2,17.0
7,3,6.0
7,4,35.0
7,5,26.0
8,4,38.0
9,0,15.0
9,1,10.0
9,2,18.0
9,3,4.0
9,4,42.0
9,5,9.0
10,0,13.0
10,1,9.0
10,2,20.0
10,3,5.0
10,4,38.0
10,5,12.0
11,0,12.0
11,1,12.0
11,2,25.0
11,3,5.0
11,4,41.0
11,5,4.0
12,0,11.0
12,1,12.0
12,2,26.0
12,3,5.0
12,4,43.0
12,5,4.0
13,0,20.0
13,1,12.0
13,2,19.0
13,3,4.0
13,4,42.0
13,5,1.0
14,0,20.0
14,1,16.0
14,2,19.0
14,3,5.0
14,4,38.0
14,5,2.0
15,0,17.0
15,1,13.0
15,2,19.0
15,3,5.0
15,4,46.0
15,5,0.0
16,0,17.0
16,1,16.0
16,2,19.0
16,5,1.0
17,2,20.0
17,3,7.0
17,4,39.0
17,5,0.0
18,0,18.0
18,1,22.0
18,2,20.0
18,3,4.0
19,0,18.0
19,1,21.0
19,2,18.0
19,3,4.0
19,4,40.0
20,0,19.0
20,1,20.0
20,2,17.0
20,3,4.0
20,4,40.0
21,0,21.0
21,1,18.0
21,2,16.0
21,4,45.0
22,0,19.0
22,1,17.0
22,2,17.0
22,3,2.0
22,4,43.0
23,0,17.0
23,1,18.0
23,2,18.0
23,3,3.0
23,4,36.0
24,0,14.0
24,1,16.0
24,2,22.0
24,3,3.0
24,4,40.0
25,0,14.0
25,1,15.0
25,2,17.0
25,3,3.0
25,4,48.0
25,5,0.0
26,0,17.0
26,1,18.0
26,2,19.0
26,3,3.0
26,4,39.0
27,0,17.0
27,1,16.0
27,2,21.0
27,3,3.0
27,4,41.0
28,0,13.0
28,1,14.0
28,2,17.0
28,3,3.0
28,6,3.0
28,4,49.0
29,0,13.0
29,1,10.0
29,2,16.0
29,3,3.0
29,6,11.0
29,4,47.0
30,2,20.0
30,6,10.0
30,4,42.0
31,0,14.0
31,1,14.0
31,2,16.0
31,6,7.0
31,4,45.0
32,6,7.0
33,6,10.0
34,0,8.0
34,1,10.0
34,2,19.0
34,6,10.0
34,4,47.0
35,0,7.0
35,1,9.0
35,2,14.0
35,3,2.0
35,6,16.0
35,4,43.0
36,2,21.0
36,7,2.0
36,6,16.0
36,4,49.0
36,8,2.0
37,0,5.0
37,1,6.0
37,2,17.0
37,7,3.0
37,3,1.0
37,6,20.0
37,4,42.0
37,8,3.0
38,2,18.0
38,7,3.0
38,6,20.0
38,4,47.0
38,8,3.0
39,2,15.0
40,2,18.0
40,7,3.0
40,6,25.0
40,4,47.0
40,8,3.0
41,2,13.0
41,7,2.0
41,6,36.0
41,4,44.0
41,8,4.0
42,2,17.0
42,7,2.0
42,6,30.0
42,4,45.0
42,8,5.0
43,2,17.0
43,7,3.0
43,6,18.0
43,4,45.0
43,8,14.0
44,2,20.0
44,7,2.0
44,6,19.0
44,4,48.0
44,8,10.0
45,2,15.0
45,7,2.0
45,6,19.0
45,4,50.0
45,8,13.0
46,2,18.0
46,7,1.0
46,6,19.0
46,4,47.0
46,8,15.0
47,2,14.0
47,7,3.0
47,6,14.0
47,4,47.0
47,8,20.0
48,2,14.0
48,7,2.0
48,6,19.0
48,4,46.0
48,8,17.0
49,2,15.0
49,6,17.0
49,4,43.0
49,8,21.0
50,2,13.0
50,7,2.0
50,6,23.0
50,4,43.0
50,8,18.0
51,2,15.0
51,6,28.0
51,4,42.0
51,8,13.0
52,2,12.0
52,6,25.0
52,4,47.0
52,8,14.0
53,2,18.0
53,7,1.0
53,6,24.0
53,4,43.0
53,8,14.0
54,2,16.0
54,6,22.0
54,4,46.0
54,8,14.0
55,2,12.0
55,6,20.0
55,4,45.0
55,8,21.0
56,2,16.0
56,6,19.0
56,4,45.0
56,8,18.0
57,2,13.0
57,6,19.0
57,4,45.0
57,8,20.0
58,2,15.0
58,7,2.0
58,6,19.0
58,4,43.0
58,8,21.0
59,2,15.0
59,7,3.0
59,6,20.0
59,4,38.0
59,8,24.0
60,2,14.0
60,7,2.0
60,6,20.0
60,4,41.0
60,8,23.0
61,2,14.0
61,7,2.0
61,6,17.0
61,4,43.0
61,8,23.0
62,2,15.0
62,7,2.0
62,6,19.0
62,4,42.0
62,8,21.0
63,2,13.0
63,7,3.0
63,6,18.0
63,4,46.0
63,8,19.0
64,2,13.0
64,7,3.0
64,6,16.0
64,4,42.0
64,8,25.0
65,2,14.0
65,7,3.0
65,6,18.0
65,4,40.0
65,8,24.0
66,2,14.0
66,7,3.0
66,6,20.0
66,4,42.0
66,8,20.0
67,2,14.0
67,7,3.0
67,6,20.0
67,4,41.0
67,8,21.0
68,2,18.0
68,7,2.0
68,6,22.0
68,4,40.0
68,8,17.0
69,2,16.0
69,7,3.0
69,6,22.0
69,4,41.0
69,8,17.0
70,2,17.0
70,7,2.0
70,6,21.0
70,4,42.0
70,8,17.0
71,2,17.0
71,7,2.0
71,6,25.0
71,4,42.0
71,8,12.0
72,2,18.0
72,7,2.0
72,6,26.0
72,4,41.0
72,8,12.0
73,2,17.0
73,7,3.0
73,6,24.0
73,4,41.0
73,8,14.0
74,2,17.0
74,7,1.0
74,6,29.0
74,4,38.0
74,8,14.0
75,2,18.0
75,7,1.0
75,6,27.0
75,4,40.0
75,8,12.0
76,2,14.0
76,7,2.0
76,6,32.0
76,4,41.0
76,8,11.0
77,2,12.0
77,7,2.0
77,6,32.0
77,4,40.0
77,8,13.0
78,2,14.0
78,7,3.0
78,6,38.0
78,4,36.0
78,8,9.0
79,2,12.0
79,7,2.0
79,6,36.0
79,4,36.0
79,8,10.0
80,2,14.0
80,7,5.0
80,6,35.0
80,4,35.0
80,8,10.0
81,2,13.0
81,7,10.0
81,6,33.0
81,4,34.0
81,8,10.0
82,2,16.0
82,7,7.0
82,6,34.0
82,4,33.0
82,8,9.0
83,2,18.0
83,7,8.0
83,6,29.0
83,4,34.0
83,8,10.0
84,2,18.0
84,7,6.0
84,6,29.0
84,4,35.0
84,8,11.0
85,2,17.0
85,7,6.0
85,6,31.0
85,4,36.0
85,8,9.0
86,2,16.0
86,7,4.0
86,6,31.0
86,4,38.0
86,8,9.0
87,2,16.0
87,7,6.0
87,6,29.0
87,4,39.0
87,8,10.0
88,2,16.0
88,7,5.0
88,6,28.0
88,4,36.0
88,8,14.0
89,2,16.0
89,7,7.0
89,6,28.0
89,4,35.0
89,8,14.0
90,2,14.0
90,7,6.0
90,6,30.0
90,4,38.0
90,8,13.0
91,2,16.0
91,7,7.0
91,6,26.0
91,4,35.0
91,8,16.0
92,2,14.0
92,7,5.0
92,6,28.0
92,4,37.0
92,8,14.0
93,2,15.0
93,7,5.0
93,6,28.0
93,4,35.0
93,8,17.0
94,2,14.0
94,7,6.0
94,6,33.0
94,4,29.0
94,8,19.0
95,2,13.0
95,7,5.0
95,6,34.0
95,4,31.0
95,8,18.0
96,2,13.0
96,7,5.0
96,6,32.0
96,4,31.0
96,8,19.0
97,2,15.0
97,7,4.0
97,6,32.0
97,4,33.0
97,8,16.0
98,2,13.0
98,7,4.0
98,6,30.0
98,4,36.0
98,8,17.0
99,2,12.0
99,7,4.0
99,6,32.0
99,4,34.0
99,8,18.0
100,2,11.0
100,7,4.0
100,6,31.0
100,4,35.0
100,8,18.0
101,2,12.0
101,7,4.0
101,6,30.0
101,4,35.0
101,8,19.0
102,2,13.0
102,7,4.0
102,6,34.0
102,4,42.0
102,8,16.0
103,2,10.0
103,7,4.0
103,6,32.0
103,4,37.0
103,8,16.0
104,2,12.0
104,7,6.0
104,6,23.0
104,4,38.0
104,8,15.0
105,2,10.0
105,7,6.0
105,6,32.0
105,4,37.0
105,8,16.0
106,2,9.0
106,7,5.0
106,6,34.0
106,4,38.0
106,8,15.0
107,2,9.0
107,7,4.0
107,6,33.0
107,4,38.0
107,8,16.0
108,2,9.0
108,7,5.0
108,6,32.0
108,4,38.0
108,8,16.0
109,2,11.0
109,7,4.0
109,6,30.0
109,4,36.0
109,8,19.0
110,2,9.0
110,7,3.0
110,6,29.0
110,4,44.0
110,8,14.0
111,2,10.0
111,7,4.0
111,6,28.0
111,4,41.0
111,8,17.0
112,2,11.0
112,7,3.0
112,6,25.0
112,4,43.0
112,8,18.0
113,2,11.0
113,7,2.0
113,6,27.0
113,4,42.0
113,8,18.0
114,2,10.0
114,7,2.0
114,6,27.0
114,4,43.0
114,8,18.0
115,2,10.0
115,7,3.0
115,6,29.0
115,4,42.0
115,8,16.0
116,2,9.0
116,7,3.0
116,6,31.0
116,4,40.0
116,8,16.0
117,2,9.0
117,7,3.0
117,6,30.0
117,4,39.0
117,8,18.0
118,2,10.0
118,7,4.0
118,6,29.0
118,4,40.0
118,8,17.0
119,2,9.0
119,7,4.0
119,6,25.0
119,4,43.0
119,8,19.0
120,2,10.0
120,7,4.0
120,6,25.0
120,4,43.0
120,8,20.0
121,2,9.0
121,7,3.0
121,6,25.0
121,4,41.0
121,8,22.0
122,2,9.0
122,7,3.0
122,6,27.0
122,4,41.0
122,8,20.0
123,2,8.0
123,7,4.0
123,6,25.0
123,4,43.0
123,8,20.0
124,2,8.0
124,7,11.0
124,6,25.0
124,4,37.0
124,8,19.0
125,2,9.0
125,7,11.0
125,6,24.0
125,4,38.0
125,8,21.0
126,2,9.0
126,7,9.0
126,6,22.0
126,4,37.0
126,8,22.0
127,2,10.0
127,7,6.0
127,6,22.0
127,4,36.0
127,8,24.0
128,2,6.0
128,7,6.0
128,6,20.0
128,4,37.0
128,8,26.0
129,2,9.0
129,7,5.0
129,6,21.0
129,4,40.0
129,8,21.0
129,9,3.0
130,2,10.0
130,7,5.0
130,6,29.0
130,4,41.0
130,8,13.0
130,9,2.0
131,2,9.0
131,7,5.0
131,6,29.0
131,4,41.0
131,8,15.0
131,9,1.0
132,2,8.0
132,7,5.0
132,6,28.0
132,4,45.0
132,8,13.0
132,9,2.0
133,2,9.0
133,7,4.0
133,6,29.0
133,4,42.0
133,8,16.0
133,9,1.0
134,2,9.0
134,7,5.0
134,6,27.0
134,4,42.0
134,8,16.0
134,9,1.0
135,2,9.0
135,7,4.0
135,6,28.0
135,4,41.0
135,8,16.0
135,9,1.0
136,2,8.0
136,7,4.0
136,6,31.0
136,4,39.0
136,8,17.0
136,9,1.0
137,2,9.0
137,7,4.0
137,6,30.0
137,4,40.0
137,8,15.0
137,9,1.0
138,2,8.0
138,7,4.0
138,6,31.0
138,4,41.0
138,8,15.0
138,9,0.0
139,2,7.0
139,7,4.0
139,6,35.0
139,4,38.0
139,8,16.0
139,9,0.0
140,2,8.0
140,7,5.0
140,6,33.0
140,4,37.0
140,8,17.0
140,9,0.0
141,2,10.0
141,7,6.0
141,6,26.0
141,4,37.0
141,8,21.0
141,9,0.0
142,2,8.0
142,7,5.0
142,6,31.0
142,4,33.0
142,8,22.0
142,9,1.0
143,2,9.0
143,7,4.0
143,6,30.0
143,4,33.0
143,8,20.0
143,9,2.0
144,2,9.0
144,7,5.0
144,6,29.0
144,4,32.0
144,8,22.0
144,9,2.0
145,2,10.0
145,7,4.0
145,6,33.0
145,4,32.0
145,8,19.0
145,9,2.0
146,2,10.0
146,7,4.0
146,6,33.0
146,4,31.0
146,8,21.0
146,9,2.0
147,2,10.0
147,7,3.0
147,6,31.0
147,4,28.0
147,8,27.0
147,9,1.0
148,10,3.225806452
148,2,9.181141439
148,7,3.473945409
148,6,27.29528536
148,4,27.79156328
148,8,29.03225806
149,2,8.0
149,7,3.0
149,6,31.0
149,4,21.0
149,8,32.0
149,9,3.0
150,2,8.0
150,7,4.0
150,6,28.0
150,4,25.0
150,8,29.0
150,9,4.0
151,10,9.30041266
151,2,4.916673003
151,7,2.992306682
151,6,27.08559421
151,4,25.73079608
151,8,29.97421736
152,2,15.0
152,7,3.0
152,6,22.0
152,4,24.0
152,8,30.0
152,9,3.0
153,10,10.08602087
153,2,17.17559885
153,7,3.275296343
153,6,16.66715934
153,4,24.29670795
153,8,28.49921665
154,2,13.0
154,7,2.0
154,6,28.0
154,4,26.0
154,8,26.0
155,10,7.055443227
155,2,14.88950374
155,7,1.532403959
155,6,24.09989004
155,4,28.98265404
155,8,23.440105
156,10,3.0
156,11,3.0
156,2,11.0
156,7,1.0
156,6,29.0
156,4,25.0
156,8,28.0
157,10,5.296770038
157,2,10.00092022
157,7,2.188276433
157,6,30.5144014
157,4,29.32732125
157,8,22.67231067
158,10,2.0
158,11,7.0
158,2,12.0
158,7,2.0
158,6,30.0
158,4,24.0
158,8,26.0
159,10,0.8907142616
159,11,4.073285333
159,2,8.99841125
159,7,1.546496299
159,6,29.76540581
159,4,28.80877531
159,8,25.91691174
160,10,0.59139986
160,11,7.222343909
160,2,14.79781818
160,7,2.216013206
160,6,29.78796151
160,4,23.70460993
160,8,21.67985341
161,10,2.0
161,11,8.0
161,2,14.0
161,6,28.0
161,4,25.0
161,8,22.0
162,10,2.0
162,11,9.0
162,2,17.0
162,6,25.0
162,4,28.0
162,8,18.0
163,10,1.0
163,11,8.0
163,2,17.0
163,6,25.0
163,4,29.0
163,8,19.0
164,10,2.0
164,11,6.0
164,2,15.0
164,6,27.0
164,4,29.0
164,8,22.0
165,10,2.0
165,11,3.0
165,2,18.0
165,6,26.0
165,4,29.0
165,8,22.0
166,10,2.820273368
166,11,3.06307836
166,2,16.64487648
166,7,1.945835809
166,6,24.05637151
166,4,31.63935818
166,8,19.8302063
167,10,2.0
167,11,1.0
167,2,16.0
167,6,25.0
167,4,33.0
167,8,23.0
168,10,3.180952381
168,11,1.5
168,2,17.31111111
168,6,22.17142857
168,4,36.79206349
168,8,19.04444444
169,10,2.0
169,11,1.0
169,2,16.0
169,6,26.0
169,4,32.0
169,8,23.0
170,10,4.0
170,11,1.0
170,2,15.0
170,6,23.0
170,4,33.0
170,8,24.0
171,10,3.741339492
171,11,2.673851681
171,2,15.83953468
171,6,18.22085365
171,4,42.05628261
171,8,17.46813788
172,10,4.0
172,2,13.0
172,12,1.0
172,6,25.0
172,4,32.0
172,8,25.0
173,10,3.486233464
173,11,1.463254732
173,2,14.64085183
173,6,21.42563682
173,4,33.83630477
173,8,25.14771838
174,10,5.0
174,2,14.0
174,12,1.0
174,6,26.0
174,4,32.0
174,8,26.0
175,10,4.609726595
175,11,1.836636419
175,2,13.02791829
175,6,21.63570891
175,4,34.10860762
175,8,24.78140216
176,10,5.0
176,2,14.0
176,12,2.0
176,6,24.0
176,4,33.0
176,8,24.0
177,10,5.468661299
177,11,2.423997244
177,2,14.99172818
177,6,19.57416373
177,4,36.23034511
177,8,21.31110443
178,10,8.0
178,2,14.0
178,12,4.0
178,6,23.0
178,4,28.0
178,8,28.0
179,10,6.624887604
179,11,2.184432322
179,2,12.88447938
179,6,19.43043372
179,4,37.57846966
179,8,21.29729731
180,10,7.0
180,2,14.0
180,12,2.0
180,6,22.0
180,4,30.0
180,8,27.0
181,10,8.902640575
181,11,3.520213969
181,2,12.51361512
181,6,19.30931364
181,4,29.61516933
181,8,26.13904737
182,10,10.0
182,2,12.0
182,12,4.0
182,6,23.0
182,4,33.0
182,8,21.0
183,10,7.905613713
183,11,1.040430062
183,2,13.97444433
183,12,3.348819624
183,6,20.64105684
183,4,34.71973606
183,8,18.36989937
184,10,10.0
184,2,12.0
184,12,4.0
184,6,24.0
184,4,35.0
184,8,19.0
185,10,9.273491617
185,11,2.594160854
185,2,11.54996034
185,12,3.354283117
185,6,19.36362741
185,4,36.27251883
185,8,17.59195783
186,10,7.9
186,2,12.0
186,12,3.0
186,6,24.6
186,4,35.6
186,8,20.8
187,10,9.662385784
187,11,2.160679708
187,2,10.73276442
187,12,4.189146826
187,6,16.81454351
187,4,37.20988702
187,8,19.23059274
188,10,9.0
188,2,11.8
188,12,4.0
188,6,23.1
188,4,35.4
188,8,20.7
189,10,5.671210788
189,11,1.22217416
189,2,12.15922114
189,12,4.961301045
189,6,18.46572048
189,4,35.14611475
189,8,22.37425764
190,10,8.7
190,2,12.0
190,12,8.2
190,6,17.5
190,4,35.5
190,8,18.1
191,10,15.84309965
191,11,4.361205955
191,2,9.539540011
191,12,9.528058118
191,6,12.25118057
191,4,32.95913637
191,8,15.51777933
192,10,6.2
192,2,12.9
192,12,7.8
192,6,21.6
192,4,33.9
192,8,17.7
193,10,10.47727649
193,11,2.738579857
193,2,9.914100789
193,12,8.893758939
193,6,18.61792596
193,4,33.87433911
193,8,15.48401885
194,10,5.2
194,2,13.4
194,12,6.3
194,6,23.6
194,4,33.8
194,8,17.6
195,10,11.25251572
195,11,1.553733428
195,2,12.68758693
195,12,6.595023633
195,6,18.04592775
195,4,35.67395279
195,8,14.19125974
196,10,6.9
196,2,13.4
196,12,4.1
196,6,22.1
196,4,34.3
196,8,19.3
197,10,7.979768426
197,11,1.915306736
197,2,9.562331195
197,12,6.271412205
197,6,19.83681564
197,4,36.31605102
197,8,18.11831478
198,10,5.5
198,2,13.6
198,12,4.7
198,6,23.2
198,4,35.5
198,8,17.5
199,10,8.051674189
199,11,2.15475992
199,2,16.04825043
199,12,3.725768342
199,6,17.53302749
199,4,37.74730633
199,8,14.7392133
200,10,6.4
200,2,13.6
200,12,4.9
200,6,22.4
200,4,35.8
200,8,16.9
201,10,8.175662484
201,11,1.761316355
201,2,13.94970064
201,12,5.747749854
201,6,15.01062147
201,4,40.45886961
201,8,14.89607958
202,10,7.0
202,2,16.0
202,12,5.0
202,6,21.0
202,4,36.0
202,8,15.0
203,10,7.73645314
203,11,2.876079073
203,2,10.59401387
203,12,5.093616553
203,6,16.78454048
203,4,41.71290581
203,8,15.20239107
204,10,6.4
204,2,16.3
204,12,3.7
204,6,22.8
204,4,35.0
204,8,15.8
205,10,5.953738465
205,11,1.600912786
205,2,20.21157522
205,12,4.304680866
205,6,17.74584287
205,4,34.88789096
205,8,15.29535883
206,10,5.8
206,2,17.6
206,12,3.2
206,6,21.5
206,4,35.4
206,8,16.4
207,10,7.495916947
207,11,1.408681854
207,2,15.12809504
207,12,3.631935425
207,6,18.893486
207,4,39.25466482
207,8,14.18721991
208,10,6.0
208,2,16.2
208,12,2.6
208,6,22.6
208,4,35.9
208,8,16.6
209,10,7.082016092
209,11,1.059838432
209,2,17.71092552
209,12,3.148607866
209,6,19.83857909
209,4,36.25225667
209,8,14.90777633
210,10,8.6
210,2,16.8
210,12,2.9
210,6,21.9
210,4,35.6
210,8,14.3
211,10,4.616118905
211,11,1.040505578
211,2,19.36188001
211,12,4.36824247
211,6,18.73196417
211,4,35.88375304
211,8,15.99753582
212,10,9.1
212,2,15.5
212,12,3.0
212,6,21.7
212,4,36.1
212,8,14.7
213,10,9.448519286
213,11,1.177895117
213,2,15.40085013
213,12,2.867728904
213,6,17.81995209
213,4,38.93242493
213,8,14.35262954
214,10,9.8
214,2,15.5
214,12,3.0
214,6,21.3
214,4,35.9
214,8,14.5
215,10,11.16046736
215,11,1.293084212
215,2,13.26902089
215,12,4.171084094
215,6,17.66449706
215,4,36.69969245
215,8,15.74215394
216,10,9.7
216,2,14.6
216,12,2.4
216,6,21.8
216,4,38.0
216,8,13.5
217,10,11.49466798
217,11,1.809137934
217,2,14.21548421
217,12,2.798020775
217,6,15.45514705
217,4,40.47328816
217,8,13.7542539
218,10,10.3
218,2,14.4
218,12,2.5
218,6,21.0
218,4,38.4
218,8,13.5
219,10,12.22888247
219,11,0.176620067
219,2,15.36131892
219,12,3.645468539
219,6,17.4946132
219,4,38.535943
219,8,12.55715381
220,10,9.5
220,2,15.4
220,12,3.4
220,6,22.8
220,4,36.1
220,8,13.7
221,10,10.37938671
221,11,1.723478398
221,2,15.01805928
221,12,1.795353071
221,6,18.65877158
221,4,35.97892817
221,8,16.4460228
222,10,4.2
222,13,4.3
222,2,13.0
222,12,2.7
222,14,0.5
222,6,18.7
222,15,11.3
222,4,33.3
222,8,12.0
223,10,1.2
223,13,6.1
223,2,12.5
223,12,1.7
223,14,0.9
223,6,12.3
223,15,21.3
223,4,35
223,8,8
224,10,17.22731676
224,11,1.385168626
224,2,15.10866012
224,12,3.134541505
224,6,16.9594576
224,4,34.0096759
224,8,12.17517949
225,10,3.7
225,13,4.7
225,2,13.0
225,12,1.9
225,14,0.9
225,6,17.5
225,15,8.9
225,4,38.2
225,8,11.2
226,10,3.938978793
226,13,4.283451552
226,11,0.613145533
226,2,13.15723101
226,12,1.987423169
226,6,18.28767485
226,15,9.104838107
226,4,37.3355976
226,8,11.29165939
227,10,0.8
227,13,5.6
227,16,5.4
227,2,12.5
227,14,1.6
227,6,18.7
227,15,6.9
227,4,37.0
227,8,11.5
228,10,0.9
228,13,7.2
228,16,2.1
228,2,14.6
228,14,2.3
228,6,14.8
228,15,6
228,4,42.6
228,8,8.6
229,10,3.883084293
229,13,8.149654244
229,11,0.2259629776
229,2,14.510157
229,12,1.942030738
229,6,14.56163293
229,15,4.522901801
229,4,38.99608833
229,8,13.20848768
230,10,0.8
230,13,4.0
230,16,5.4
230,2,12.9
230,14,3.9
230,6,17.7
230,15,5.6
230,4,39.3
230,8,10.4
231,10,3.558706222
231,13,7.604580459
231,11,0.3635970681
231,2,12.82952803
231,12,2.19117694
231,6,17.66893429
231,15,3.134544237
231,4,38.54657692
231,8,14.10235584
232,10,0.9
232,13,5.3
232,16,2.7
232,2,15.8
232,14,3.9
232,6,13.6
232,15,6
232,4,43.7
232,8,9.2
233,10,1.5
233,13,4.3
233,16,4.3
233,2,12.7
233,14,3.6
233,6,18.8
233,15,4.7
233,4,38.2
233,8,11.9
234,10,4.314693917
234,13,4.566390689
234,11,0.4196969925
234,2,17.45244583
234,12,2.721821351
234,6,16.4252673
234,15,4.403390527
234,4,36.40620215
234,8,13.29009124
235,10,2.4
235,13,5.2
235,16,4.1
235,2,12.4
235,14,3.1
235,6,21.0
235,15,2.7
235,4,36.9
235,8,12.2
236,10,5.701921355
236,13,4.05886731
236,11,0.4189848915
236,2,17.03168176
236,12,3.476436429
236,6,16.90753155
236,15,2.504624156
236,4,38.49014442
236,8,11.40980812
237,10,1.9
237,13,4.5
237,16,3.7
237,2,13.9
237,14,3.0
237,6,20.7
237,15,3.0
237,4,36.0
237,8,13.3
238,10,1.6
238,13,4.9
238,16,3.6
238,2,14.2
238,14,4.4
238,6,19.4
238,15,2.4
238,4,37.1
238,8,12.4
239,10,4.829139347
239,13,5.891136551
239,11,0.1959643282
239,2,13.3365563
239,12,1.237706091
239,6,19.31954809
239,15,1.65969241
239,4,40.6455635
239,8,12.88469338
240,10,4.145536091
240,13,6.836544687
240,11,0.8770440055
240,2,16.95352401
240,12,1.700489191
240,6,17.7264227
240,15,1.040896685
240,4,34.93811126
240,8,15.78143137
241,10,1.5
241,13,6.9
241,16,3.8
241,2,12.1
241,14,3.8
241,6,22.1
241,15,1.9
241,4,36.2
241,8,11.7
242,10,1.902649495
242,13,8.814290881
242,16,2.119534013
242,2,11.22953974
242,14,2.136929625
242,6,21.24286445
242,15,3.40764614
242,4,35.28982222
242,8,13.85672343
243,10,0.8
243,13,8.1
243,16,3.8
243,2,12.7
243,14,3.3
243,17,0.4
243,6,22.5
243,15,1.9
243,4,35.9
243,8,10.6
244,10,1.77975492
244,13,10.79602226
244,16,2.423286559
244,2,12.04911339
244,14,3.064455215
244,6,18.59871676
244,15,2.31241545
244,4,37.70509073
244,8,11.27114472
245,10,0.7
245,13,12.3
245,16,3.0
245,2,13.1
245,14,2.6
245,17,2.5
245,6,19.1
245,15,1.3
245,4,36.3
245,8,9.1
246,10,1.977583852
246,13,11.47022103
246,16,3.119093285
246,2,13.58737599
246,14,1.964589147
246,6,17.40248703
246,15,1.872160253
246,4,37.37336762
246,8,11.23312179
247,10,0.4
247,13,18.6
247,16,2.2
247,2,14.2
247,14,2.5
247,17,2.1
247,6,15.6
247,15,1.0
247,4,35.5
247,8,7.9
248,10,1
248,13,14.4
248,16,1.9
248,2,11.9
248,14,1.9
248,17,0.6
248,6,19.2
248,15,0.6
248,4,40.7
248,8,7.3
249,10,1.492060673
249,13,17.63961247
249,16,2.226920491
249,2,14.83034637
249,14,2.024894779
249,6,17.26956244
249,15,1.389838784
249,4,34.51780507
249,8,8.608958927
250,10,0.2
250,13,16.4
250,16,1.5
250,2,20.8
250,14,4.3
250,17,0.9
250,6,11.9
250,4,32
250,8,11.4
251,10,1.2
251,13,16.2
251,16,1.3
251,2,22.1
251,14,3.2
251,18,0.9
251,17,2.3
251,6,15.4
251,15,0.3
251,4,29.7
251,8,7.4
252,10,0.7166280913
252,13,17.8219182
252,16,0.9073002059
252,2,19.49477344
252,14,1.845768843
252,17,0.7273471578
252,6,16.16631632
252,15,0.6758808001
252,4,32.99922352
252,8,8.64484343
253,10,2.97324294
253,13,15.28262087
253,16,2.166590784
253,2,23.81402932
253,14,2.473365755
253,17,2.417649035
253,6,12.80469437
253,4,28.525099
253,8,9.542707928
254,10,2.3
254,13,8.7
254,16,2
254,2,26.1
254,14,2.6
254,18,2.6
254,17,1.5
254,6,12.8
254,4,29
254,8,11.8
255,10,1.8
255,13,12.9
255,16,1.2
255,2,27.3
255,14,2.3
255,18,3.2
255,17,4.1
255,6,14.6
255,4,24.0
255,8,8.6
256,10,2.047822133
256,13,15.18845887
256,16,1.935218465
256,2,25.91016829
256,14,2.129964278
256,17,3.56650927
256,6,12.44234588
256,4,27.21923952
256,8,9.560273291
257,13,9.1
257,16,1.6
257,19,1
257,2,31.9
257,14,2.4
257,20,1
257,18,1.4
257,17,1.8
257,6,13.8
257,4,27.6
257,8,7.1
258,21,0.3592297148
258,10,0.8041488925
258,13,11.95855273
258,16,1.653021369
258,22,0.4746978725
258,2,29.47784242
258,14,2.510478161
258,23,0.6929476266
258,18,1.727393672
258,17,3.898817101
258,24,0.8302849316
258,6,12.52141026
258,4,24.36971966
258,8,8.721455586
259,21,0
259,10,3.8
259,13,11.4
259,16,1.4
259,2,28.5
259,14,2.1
259,18,2.6
259,17,3.3
259,6,12.8
259,4,26.1
259,8,8
260,10,2.1
260,13,6.6
260,16,2.6
260,2,24.7
260,14,2.6
260,18,2.8
260,17,6.1
260,6,14.6
260,4,27.9
260,8,10.0
261,13,8.3
261,16,0.6
261,22,2.6
261,19,1.4
261,2,40
261,14,3.5
261,25,0.6
261,18,2.8
261,17,5.6
261,24,0.4
261,6,9.5
261,4,17.8
261,8,5.6
262,21,0.4349054919
262,10,0.2783260331
262,13,9.172991822
262,16,1.92547808
262,22,0.9517378394
262,2,30.24858269
262,14,2.157788234
262,25,0.4826852864
262,23,0.5402759754
262,18,3.632130202
262,17,7.847748537
262,24,0.2822782092
262,6,12.7179963
262,4,21.23028692
262,8,8.096788381
263,10,3.3
263,13,10.9
263,16,1.4
263,22,1.9
263,2,30.9
263,14,2.7
263,18,3
263,17,5.6
263,6,12.6
263,4,18.9
263,8,8.8
264,21,0.1460731679
264,10,0.1457335945
264,13,9.461781486
264,16,3.553152667
264,22,0.5675159063
264,2,32.66242176
264,14,0.9795879105
264,25,0.0
264,23,0.5680326891
264,18,2.976208457
264,17,9.005568409
264,24,0.0
264,6,10.36059361
264,4,22.88005374
264,8,6.6932766
265,13,6.5
265,16,3
265,22,2.4
265,2,30.3
265,14,0.8
265,18,1.7
265,17,5.6
265,6,13.7
265,4,26.9
265,8,7.9
266,21,0.6380327376
266,10,0.4803529455
266,13,8.324547249
266,16,3.641480864
266,22,0.7615441471
266,2,25.63782767
266,14,1.705447527
266,25,0.1202627131
266,23,0.1838336569
266,18,2.174530526
266,17,6.720616056
266,24,0.3985042527
266,6,13.54563021
266,4,27.54914886
266,8,8.118240584
267,10,2.3
267,13,7.4
267,16,3
267,22,2.2
267,2,28.1
267,14,1.6
267,18,3.3
267,17,6.3
267,6,12.2
267,4,24.4
267,8,9.3
268,13,8.1
268,16,2.4
268,22,2.5
268,2,25.9
268,14,2.5
268,25,0.1
268,23,0.1
268,18,2.6
268,17,6.3
268,24,0.7
268,6,13.3
268,4,23.8
268,8,10.4
269,21,0.1245809039
270,10,8.5
271,10,2.7
269,10,0.0
270,13,7.7
271,13,7.3
269,13,7.729759495
270,16,3
271,16,3.2
269,16,2.946009301
269,22,1.786036415
271,22,1.4
270,2,25.6
271,2,24.4
269,2,22.40637855
271,14,2.8
269,14,1.285905689
269,25,0.0
269,23,0.2364719368
271,18,2.6
269,18,3.469839016
270,17,6.4
271,17,6.4
269,17,7.540818737
269,24,0.5000588691
270,6,14.8
271,6,13.6
269,6,12.95511877
270,4,23
271,4,24.8
269,4,26.69382626
269,26,0.7744330896
270,8,11
271,8,10.8
269,8,11.55076297
272,21,0.06243716599
272,10,0.0
272,13,8.24540981
272,16,3.098047516
272,22,3.019736494
272,2,24.4314514
272,14,1.72601725
272,25,0.06667019419
272,23,0.1724958993
272,18,2.464680671
272,17,5.104502884
272,24,1.06936875
272,6,12.85359014
272,4,26.69665062
272,26,0.1174665326
272,8,10.87147468
273,10,2.4
273,13,9.6
273,16,2.8
273,2,21.4
273,14,1.6
273,18,1.9
273,17,5.9
273,6,15.5
273,4,26.0
273,8,12.9
274,21,0.1123944889
274,10,0.2658805526
274,13,11.25364973
274,16,3.81276923
274,22,1.208380503
274,2,19.87981947
274,14,1.401965252
274,25,0.0
274,23,0.4558809483
274,18,1.565073117
274,17,6.487936075
274,24,0.7856638959
274,6,11.74783764
274,4,28.44089223
274,26,0.4783674223
274,8,12.10348945
275,21,0.0
276,10,2.5
275,10,0.1056186294
276,13,10.2
275,13,11.24372073
276,16,2.3
275,16,2.682452828
275,22,0.4517066082
276,2,19.9
275,2,21.19743985
276,14,1.3
275,14,1.236288955
275,25,0.0
275,23,0.1349459394
276,18,1.4
275,18,1.662552172
276,17,6.8
275,17,6.614234532
275,24,0.59540784
276,6,15.3
275,6,11.73907656
276,4,27.1
275,4,28.20308939
275,26,0.320073449
275,8,13.81339252
276,8,13.2
277,21,0.0
277,10,0.2438837958
277,13,12.45832204
277,16,2.035869498
277,22,0.8238628822
277,2,19.94823265
277,14,1.768299682
277,25,0.0
277,23,0.115759851
277,18,1.014590426
277,17,8.142611706
277,24,0.6081975032
277,6,12.97252352
277,4,27.3456629
277,26,0.1252211658
277,8,12.39696238
278,10,2.5
278,13,10.0
278,16,1.9
278,2,17.8
278,14,1.4
278,18,1.4
278,17,9.2
278,6,14.0
278,4,26.4
278,8,15.6
279,21,0.0
279,10,0.1232455538
279,13,12.53955754
279,16,3.055161736
279,22,0.2936122345
279,2,19.3057943
279,14,1.207342512
279,25,0.0
279,23,0.4104643347
279,18,1.261864841
279,17,6.901762548
279,24,0.608385099
279,6,14.35259231
279,4,26.46620541
279,26,0.1561269635
279,8,13.31788461
280,21,0.1225036652
280,10,0.1393194003
280,13,12.29369543
280,16,0.9845680621
280,22,0.590604948
280,2,16.69976776
280,14,1.925590202
280,25,0.1225036652
280,23,0.2618230655
280,18,1.451153605
280,17,8.409607195
280,24,0.2470536909
280,6,13.52312234
280,4,29.65072548
280,26,0.5275890704
280,8,13.05037242
281,10,3.2
281,13,8.8
281,16,1.7
281,2,16.3
281,14,1.0
281,18,1.7
281,17,7.8
281,6,17.0
281,4,27.9
281,8,14.6
282,21,0.1484856176
282,10,0.7777280479
282,13,11.65167219
282,16,2.435912733
282,22,0.801159384
282,2,18.0829711
282,14,2.203969675
282,25,0.0
282,23,0.1144488275
282,18,0.7026678192
282,17,7.146053388
282,24,0.5557547097
282,6,12.97050177
282,4,27.89272929
282,26,0.1144488275
282,8,14.40149661
283,10,3.5
283,13,9.6
283,16,1.9
283,2,17.6
283,14,1.6
283,18,1.6
283,17,6.8
283,6,15.8
283,4,26.8
283,8,14.8
284,21,0.145415755
284,10,0.5357703855
284,13,12.52968282
284,16,1.351855102
284,22,1.08379556
284,2,16.68353006
284,14,1.453840943
284,25,0.1272171987
284,23,0.1373151129
284,18,1.07351622
284,17,8.075305584
284,24,0.1070548029
284,6,12.36196965
284,4,27.35525449
284,26,0.0
284,8,16.97847632
285,21,0.1585984292
285,10,1.338177899
285,13,11.8258254
285,16,1.591711692
285,22,1.442174427
285,2,14.53887018
285,14,1.16663551
285,25,0.0
285,23,0.409533711
285,18,1.428147167
285,17,7.68054805
285,24,0.2985276511
285,6,12.4797538
285,4,30.61811719
285,26,0.2891379086
285,8,14.73424099
286,21,0.1121945022
287,10,3.0
286,10,0.5795156683
287,13,10.2
286,13,12.5704211
287,16,2.2
286,16,2.026153643
286,22,1.322075377
287,2,14.4
286,2,17.45463734
287,14,1.2
286,14,1.933687948
286,25,0.1465671563
286,23,0.1121945022
287,18,1.7
286,18,0.8141213206
287,17,8.2
286,17,6.415590329
286,24,0.5465419182
287,6,18.1
286,6,14.60108186
287,4,26.5
286,4,26.13906253
286,26,0.5468776769
286,8,14.67927713
287,8,14.4
288,21,0.4159292414
288,10,0.1613293229
288,13,12.18546679
288,16,2.439145738
288,22,1.3056711
288,2,15.36586502
288,14,1.205180204
288,25,0.0
288,23,0.562027201
288,18,1.068602377
288,17,7.725701337
288,24,0.9899522004
288,6,17.25854983
288,4,26.45464583
288,26,0.2548934767
288,8,12.60704033
289,21,0.137168745
289,10,0.7915202474
289,13,12.05476389
289,16,1.877587298
289,22,1.173294606
289,2,13.20275152
289,14,1.4771944
289,25,0.137168745
289,23,0.09692046513
289,18,0.9959262342
289,17,8.431443803
289,24,0.4012232478
289,6,15.53827414
289,4,28.55539948
289,26,0.3756539501
289,8,14.75370922
290,21,0.4069459996
291,10,2.6
290,10,0.293755659
291,13,13.5
290,13,14.47130928
291,16,1.8
290,16,1.974277374
290,22,0.8633680202
291,2,14.7
290,2,16.30711787
291,14,1.0
290,14,1.97258185
290,25,0.0
290,23,0.3294619826
291,18,1.0
290,18,1.409169007
291,17,8.5
290,17,7.326770366
290,24,0.6939207251
291,6,16.6
290,6,14.26653718
291,4,26.8
290,4,28.40862626
290,26,0.2442783657
290,8,11.03188007
291,8,13.5
292,21,0.0
292,10,0.2736544542
292,13,15.1500407
292,16,2.367150913
292,22,1.311748426
292,2,14.99421617
292,14,1.819456376
292,25,0.0
292,23,0.0
292,18,0.8530310673
292,17,9.014058272
292,24,0.5309339075
292,6,13.79647523
292,4,26.84231463
292,26,0.476318056
292,8,12.5706018
293,10,2.5
293,13,13.1
293,16,1.7
293,2,16.4
293,14,0.8
293,18,1.2
293,17,10.7
293,6,15.1
293,4,25.3
293,8,13.3
294,21,0.0
294,10,0.5170681303
294,13,14.86775709
294,16,1.981450617
294,22,0.8067392359
294,2,17.28186237
294,14,2.512260431
294,25,0.0
294,23,0.5075721056
294,18,0.7715488334
294,17,9.032135052
294,24,0.3162224459
294,6,13.5547241
294,4,25.17734896
294,26,0.1263469547
294,8,12.54696368
295,10,2.1
295,13,14.2
295,16,1.1
295,2,18.3
295,14,0.9
295,18,0.7
295,17,8.1
295,6,14.9
295,4,26.9
295,8,12.7
296,21,0.0
296,10,0.2729981697
296,13,15.87705206
296,16,0.8173502154
296,22,1.318214113
296,2,17.01076177
296,14,1.007206173
296,25,0.2381023722
296,23,0.7528473364
296,18,1.203767192
296,17,6.86272728
296,24,0.3284274334
296,6,17.09053706
296,4,26.26391132
296,26,0.0
296,8,10.95609751
297,10,2.6
297,13,15.8
297,16,1.2
297,2,15.3
297,14,0.8
297,18,1.0
297,17,9.8
297,6,16.8
297,4,23.7
297,8,13.0
298,21,0.1723347892
298,10,0.2641743014
298,13,14.77996467
298,16,1.14195657
298,22,1.310045314
298,2,15.62861821
298,14,1.039325629
298,25,0.133240207
298,23,0.7600740161
298,18,0.5541495579
298,17,8.81035057
298,24,0.1667579829
298,6,13.18080265
298,4,29.70919313
298,26,0.8081086074
298,8,11.54090379
299,21,0.2821483791
299,10,0.4758607895
299,13,16.44033917
299,16,1.727462391
299,22,0.4794778531
299,2,14.60988587
299,14,1.73632223
299,25,0.0
299,23,0.113327915
299,18,0.7969701328
299,17,9.273172175
299,24,0.2510175151
299,6,14.02913738
299,4,28.98547372
299,26,0.3660333451
299,8,10.43337115
300,10,2.8
300,13,17.5
300,16,1.5
300,2,13.4
300,14,1.3
300,18,1.1
300,17,9.2
300,6,16.7
300,4,24.4
300,8,12.2
301,21,0.4029389141
302,10,4.3
301,10,1.641242847
302,13,15.5
301,13,17.08304067
302,16,1.5
301,16,1.864420056
301,22,0.7909214429
302,2,14.1
301,2,14.37064894
302,14,1.0
301,14,0.4341207329
301,25,0.07518559988
301,23,0.365975191
302,18,0.6
301,18,0.9578361372
302,17,9.0
301,17,10.97170325
301,24,0.2782310962
302,6,17.4
301,6,15.07809309
302,4,25.1
301,4,23.90345401
301,26,0.2732174189
301,8,11.5089706
302,8,11.7
303,21,0.0
303,10,2.75844679
303,13,16.77381099
303,16,1.374411153
303,22,0.6672741323
303,2,11.82120821
303,14,1.347446102
303,25,0.0
303,23,0.2409885421
303,18,0.7050729801
303,17,11.13956842
303,24,0.1172060264
303,6,15.60255046
303,4,24.56584007
303,26,0.4278843229
303,8,12.4582918
304,10,3.5
304,13,16.2
304,16,1.1
304,2,14.4
304,14,1.0
304,18,1.1
304,17,9.7
304,6,16.2
304,4,24.8
304,8,12.0
305,21,0.1182166155
305,10,2.459279139
305,13,19.44359777
305,16,2.659074969
305,22,0.5859809089
305,2,12.26252125
305,14,1.340693503
305,25,0.1702596217
305,23,0.1729624692
305,18,0.3854839529
305,17,9.598810952
305,24,0.0
305,6,16.40658191
305,4,22.12152094
305,26,0.6459537761
305,8,11.62906221
306,21,0.09473074156
306,10,1.521997219
306,13,19.20202633
306,16,1.650827692
306,22,0.9315699868
306,2,10.22462906
306,14,1.659546939
306,25,0.0
306,23,0.4313530158
306,18,0.7774744338
306,17,10.68018936
306,24,0.2673464049
306,6,16.29498353
306,4,24.99694947
306,26,0.3063312211
306,8,10.9600446
307,10,4.3
307,13,15.7
307,16,1.1
307,2,12.7
307,14,0.7
307,18,1.1
307,17,8.1
307,6,18.2
307,4,25.3
307,8,12.8
308,21,0.367234048
308,10,1.943913339
308,13,21.82265824
308,16,1.258628898
308,22,1.190183444
308,2,9.491533412
308,14,0.6297946958
308,25,0.3380656631
308,23,0.4114115566
308,18,0.4526020738
308,17,8.274772513
308,24,0.3019760769
308,6,16.52363557
308,4,25.02134259
308,26,0.6037971588
308,8,11.36845073
309,10,2.9
309,13,15.2
309,16,1.3
309,2,13.2
309,14,0.5
309,18,0.8
309,17,7.5
309,6,18.2
309,4,27.5
309,8,12.8
310,21,0.0
310,10,1.637636882
310,13,19.15683388
310,16,0.954714183
310,22,0.2768524234
310,2,11.78927526
310,14,1.718722082
310,25,0.1811718035
310,23,0.485391246
310,18,0.6908230874
310,17,9.561953032
310,24,0.195799007
310,6,17.01293243
310,4,24.07400609
310,26,0.7086702968
310,8,11.55521829
311,10,3.2
311,13,14.9
311,16,1.0
311,2,11.8
311,14,0.7
311,18,0.8
311,17,7.9
311,6,19.3
311,4,28.0
311,8,12.3
312,21,0.1024594072
312,10,0.8324049066
312,13,17.61187264
312,16,0.5983438513
312,22,1.464457332
312,2,10.0856286
312,14,0.4365447619
312,25,0.3343818374
312,23,0.6386238632
312,18,0.6205246496
312,17,10.27104647
312,24,0.0
312,6,20.33077123
312,4,26.56465923
312,26,0.5555870201
312,8,9.552694192
313,10,2.5
313,13,16.2
313,16,0.9
313,2,12.2
313,14,0.7
313,18,0.7
313,17,7.3
313,6,19.1
313,4,27.0
313,8,13.4
314,21,0.6708495038
314,10,1.864976298
314,13,17.78755676
314,16,1.157836388
314,22,0.3269084245
314,2,11.28474506
314,14,0.7132924896
314,25,0.0
314,23,0.4714390785
314,18,0.4399642061
314,17,9.205041891
314,24,0.3295386205
314,6,16.90070603
314,4,28.24224852
314,26,0.2008307471
314,8,10.40406598
315,21,0.09200082108
315,10,1.775789735
315,13,18.75589873
315,16,0.7386662714
315,22,1.143168987
315,2,12.27575032
315,14,1.087282748
315,25,0.08923676399
315,23,0.046240325
315,18,0.5848860919
315,17,9.666964508
315,24,0.4249848586
315,6,15.24852963
315,4,25.18844484
315,26,0.3596347298
315,8,12.52252065
316,10,3.4
316,13,15.3
316,16,1.0
316,2,11.0
316,14,1.1
316,18,1.1
316,17,8.7
316,6,20.2
316,4,25.2
316,8,12.9
317,21,0.0
317,10,1.812222943
317,13,20.042626
317,16,1.354977008
317,22,0.342934196
317,2,10.12847602
317,14,1.04131861
317,25,0.1101676264
317,23,0.07555636311
317,18,0.9612755713
317,17,12.19657376
317,24,0.3758088935
317,6,15.06424864
317,4,26.05643278
317,26,0.486839759
317,8,9.950541821
318,10,3.2
318,13,13.5
318,16,0.9
318,2,11.1
318,14,1.0
318,18,0.8
318,17,8.1
318,6,20.0
318,4,26.9
318,8,14.5
319,21,0.4589995874
319,10,2.227692296
319,13,18.57453378
319,16,1.082383291
319,22,0.6382932288
319,2,12.33689614
319,14,0.804501904
319,25,0.1213437377
319,23,0.2412616061
319,18,0.7902413237
319,17,11.25111481
319,24,0.7513788951
319,6,16.05169452
319,4,23.63789834
319,26,0.3372477423
319,8,10.6945188
320,21,0.5632887171
320,10,1.95057879
320,13,15.50883618
320,16,1.746519595
320,22,1.277470556
320,2,11.84234979
320,14,1.17843238
320,25,0.1152651132
320,23,0.5526813796
320,18,1.008250981
320,17,10.64854131
320,24,0.3280249937
320,6,16.49977916
320,4,25.35014048
320,26,0.2333108895
320,8,11.19652969
321,10,3.2
321,13,12.8
321,16,0.8
321,2,11.1
321,14,0.6
321,18,0.5
321,17,10.7
321,6,20.3
321,4,27.1
321,8,12.8
322,21,0.3653697983
322,10,0.9790067875
322,13,16.20388966
322,16,0.5934680194
322,22,0.6305612072
322,2,11.02756846
322,14,0.6729448137
322,25,0.3394337412
322,23,0.3793661512
322,18,1.226242106
322,17,11.4131367
322,24,0.214039374
322,6,16.06928051
322,4,29.37760087
322,26,0.1526196081
322,8,10.35547219
323,10,3.6
323,13,12.9
323,16,0.9
323,2,12.8
323,14,0.7
323,18,0.9
323,17,11.7
323,6,18.5
323,4,26.9
323,8,11.1
324,21,0.0
324,10,1.559280695
324,13,16.87364359
324,16,0.4209645689
324,22,0.2015314197
324,2,9.430993369
324,14,0.460154612
324,25,0.2077265517
324,23,0.4169099275
324,18,1.002494219
324,17,12.77260115
324,24,0.8858475098
324,6,15.85515233
324,4,27.30305299
324,26,0.7428853701
324,8,11.8667617
325,21,0.5291955309
325,10,0.7208064567
325,13,16.8188461
325,16,0.917369834
325,22,0.5152047654
325,2,12.65299203
325,14,0.8529658755
325,25,0.0
325,23,0.2009368391
325,18,0.4959150424
325,17,14.04998787
325,24,0.06562444723
325,6,14.71655829
325,4,24.94364731
325,26,0.4766670727
325,8,12.04328253
326,10,3.5
326,13,13.3
326,16,0.6
326,2,11.0
326,14,1.2
326,18,0.7
326,17,15.2
326,6,17.1
326,4,26.1
326,8,11.2
327,21,0.0
327,10,1.965205433
327,13,15.0281245
327,16,0.3066351129
327,22,0.4988255873
327,2,13.10851579
327,14,1.310083937
327,25,0.1492854286
327,23,0.7452561146
327,18,0.6788963284
327,17,12.76487421
327,24,0.1574620287
327,6,14.47071482
327,4,25.48842325
327,26,0.415812375
327,8,12.91188508
328,10,3.2
328,13,10.9
328,16,0.8
328,2,10.8
328,14,0.9
328,18,0.9
328,17,21.7
328,6,15.8
328,4,25.0
328,8,10.1
329,21,0.3812279119
329,10,0.708561817
329,13,10.26185041
329,16,1.059353234
329,22,1.154431807
329,2,11.00137821
329,14,0.6210861577
329,25,0.0
329,23,0.09908107954
329,18,0.945186632
329,17,23.89737783
329,24,0.0
329,6,15.52374096
329,4,23.38981863
329,26,0.1739297444
329,8,10.78297558
330,10,2.2
330,13,7.8
330,16,0.6
330,2,10.1
330,14,0.9
330,18,0.5
330,17,30.1
330,6,14.1
330,4,22.9
330,8,10.6
331,21,0.0
331,10,1.345119238
331,13,10.25184895
331,16,0.4912853193
331,22,1.352872545
331,2,13.10426211
331,14,0.5401077707
331,25,0.0
331,23,0.1745006378
331,18,0.4917567278
331,17,27.36014313
331,24,0.08285677309
331,6,11.36253879
331,4,22.9183051
331,26,0.6920997126
331,8,9.832303201
332,21,0.0
332,10,1.956115752
332,13,8.306647284
332,16,0.8348019347
332,22,0.6356974632
332,2,10.82221998
332,14,0.1440533911
332,25,0.0
332,23,0.2886338627
332,18,0.6240921403
332,17,31.97273872
332,24,0.3314182427
332,6,10.6942349
332,4,21.92642052
332,26,0.6892317913
332,8,10.77369402
333,10,2.5
333,13,7.4
333,16,0.3
333,2,8.9
333,14,1.0
333,18,0.6
333,17,34.1
333,6,12.4
333,4,23.0
333,8,9.8
334,21,0.1261749005
334,10,2.357802247
334,13,6.323651294
334,16,0.6359140148
334,22,0.456482625
334,2,8.626758274
334,14,0.3333409029
334,25,0.0
334,23,0.237904473
334,18,0.4618432367
334,17,32.70095601
334,24,0.5289812813
334,6,13.14391813
334,4,23.12055462
334,26,0.4974752119
334,8,10.44824278
335,10,2.7
335,13,6.4
335,16,0.5
335,2,11.3
335,14,0.6
335,18,0.4
335,17,31.8
335,6,11.4
335,4,24.5
335,8,10.3
336,21,0.1849792019
336,10,1.662434402
336,13,6.690221733
336,16,0.1943275942
336,22,0.2856802983
336,2,11.25727596
336,14,0.1971562507
336,25,0.0
336,23,0.301565576
336,18,0.3736505702
336,17,34.51144778
336,24,0.1952430742
336,6,11.84584194
336,4,21.22771686
336,26,0.0
336,8,11.07245876
337,21,0.1047440836
337,10,1.890079258
337,13,6.838640262
337,16,0.5257453033
337,22,0.7958323031
337,2,9.969949344
337,14,0.4273021879
337,25,0.0
337,23,0.3229556361
337,18,0.7694645646
337,17,32.41437718
337,24,0.1017735392
337,6,11.62041861
337,4,23.28094376
337,26,0.4505879216
337,8,10.48718605
338,21,0.3426276749
338,10,1.502198623
338,13,5.600221518
338,16,0.5677313228
338,22,0.3925493708
338,2,10.55563043
338,14,1.317527183
338,25,0.0
338,23,0.3079343479
338,18,0.6047992667
338,17,33.20928507
338,24,0.3996450194
338,6,9.263277463
338,4,23.77324664
338,26,0.208602847
338,8,11.95472323
339,10,3.1
339,13,5.0
339,16,0.7
339,2,12.4
339,14,1.0
339,18,0.5
339,17,32.3
339,6,12.2
339,4,24.0
339,8,8.9
340,21,0.0
340,10,3.096347274
340,13,4.37732866
340,16,0.0
340,22,0.9631215293
340,2,12.18527121
340,14,0.777649226
340,25,0.0
340,23,0.3566871903
340,18,0.1803316043
340,17,34.99924097
340,24,0.2054238255
340,6,9.550146316
340,4,23.07951461
340,26,0.0
340,8,10.22893758
341,10,3.0
341,13,4.4
341,16,0.8
341,2,11.1
341,14,1.5
341,18,0.6
341,17,35.9
341,6,9.3
341,4,21.7
341,8,11.8
342,10,2.6
342,13,5.6
342,16,0.5
342,2,10.1
342,14,0.8
342,18,0.7
342,17,34.6
342,6,10.1
342,4,24.4
342,8,10.6
343,21,0.4968062
343,10,0.9666314
343,13,5.7610737
343,16,0.5429157
343,22,0.3489753
343,2,11.440183
343,14,0.7126257
343,25,0.0
343,23,0.2133786
343,18,0.3616147
343,17,32.9729145
343,24,0.1816269
343,6,10.5757607
343,4,25.3200165
343,26,0.525327
343,8,9.5801501
344,21,0.105056294
344,10,0.550500564
344,13,5.899816165
344,16,0.165570341
344,22,0.248506278
344,2,10.34073664
344,14,0.10647392
344,25,0.166423164
344,23,0.400768289
344,18,0.131704287
344,17,35.60840606
344,24,0.361176563
344,6,11.83353751
344,4,25.25511493
344,26,0.525940743
344,8,8.300268253
345,10,2.7
345,13,4.6
345,16,0.4
345,2,9.6
345,14,0.8
345,18,0.6
345,17,35.5
345,6,10.2
345,4,24.6
345,8,11.1
346,21,0.0
346,10,1.627516879
346,13,6.454841399
346,16,0.15477056
346,22,0.0
346,2,10.42417793
346,14,0.517536142
346,25,0.0
346,23,0.591726295
346,18,0.354296359
346,17,34.20565062
346,24,0.0
346,6,11.26327395
346,4,21.7133093
346,26,0.878136541
346,8,11.81476402
347,10,2.5
347,13,3.9
347,16,0.7
347,2,12.0
347,14,0.9
347,18,0.7
347,17,32.9
347,6,10.1
347,4,24.8
347,8,11.4
348,21,0.4293152044
348,10,0.9262777827
348,13,4.597850616
348,16,0.7208517498
348,22,0.3349584084
348,2,10.81007367
348,14,0.5493483109
348,25,0.1758245544
348,23,0.4801626749
348,18,0.7672560493
348,17,35.262935
348,24,0.246741837
348,6,10.47913061
348,4,23.71342581
348,26,0.5804623127
348,8,9.925385401
349,10,3.1
349,13,4.2
349,16,0.5
349,2,12.0
349,14,0.7
349,18,0.5
349,17,33.1
349,6,10.4
349,4,25.2
349,8,10.2
350,21,0.1307855
350,10,1.9001827
350,13,4.5718885
350,16,1.0651345
350,22,0.4152829
350,2,12.9099014
350,14,0.5975445
350,25,0.0
350,23,0.139842
350,18,0.4331396
350,17,35.4694727
350,24,0.3690605
350,6,9.3639056
350,4,22.8562469
350,26,0.3380995
350,8,9.4395132
351,21,0.179703916
351,10,0.316619823
351,13,5.314920512
351,16,0.267238912
351,22,0.432550052
351,2,11.5450074
351,14,0.844149423
351,25,0.0
351,23,0.246309628
351,18,0.663400301
351,17,34.87625423
351,24,0.074584743
351,6,12.9126088
351,4,20.57894916
351,26,0.376577759
351,8,11.37112534
352,10,2.6
352,13,3.6
352,16,1.0
352,2,12.0
352,14,0.9
352,18,0.2
352,17,35.3
352,6,9.2
352,4,24.4
352,8,10.8
353,21,0.089453
353,10,1.730882
353,13,4.375155
353,16,0.522086
353,22,0.168503
353,2,9.979671842
353,14,0.946999
353,25,0.0
353,23,0.542616
353,18,0.442163
353,17,37.81083
353,24,0.0
353,6,10.36821
353,4,19.52123
353,26,1.025477
353,8,12.47672
354,21,0.136049
354,10,2.974286
354,13,4.393219
354,16,0.303364
354,22,0.871499
354,2,12.19115968
354,14,0.69072
354,25,0.0
354,23,0.573366
354,18,0.50575
354,17,35.62995
354,24,0.0
354,6,9.386805
354,4,21.08191
354,26,0.241737
354,8,11.02019
